gas,gap,theta,eff,mpv_keV,median_keV,cut99_keV,cut95_keV
ArIso,3p964mm,0.0,1.0,0.775,0.9874153068675728,9.735493143281268,3.373073828431621
ArIso,3p964mm,20.0,1.0,0.8250000000000001,1.0556617132246524,10.17267265358741,3.612479195491232
ArIso,3p964mm,40.0,1.0,1.225,1.3334214812939376,11.33176233328806,4.28671247399174
ArIso,5mm,0.0,1.0,1.125,1.2848276818812348,13.404126477915858,4.282703526405183
ArIso,5mm,20.0,1.0,1.0750000000000002,1.366088522321629,12.898287780111076,4.526087303325467
ArIso,5mm,40.0,1.0,1.625,1.722217204773683,15.030506084925566,5.289805021870655
ArIso9010,3p964mm,0.0,1.0,0.925,1.0272724429539304,8.713668783596221,3.4081682550419847
ArIso9010,3p964mm,20.0,1.0,0.875,1.0922348034826377,12.739900822257969,4.025662021923889
ArIso9010,3p964mm,40.0,1.0,1.025,1.3589255892337826,12.971730954770663,4.3991916909833755
ArIso9010,5mm,0.0,1.0,1.225,1.313197983282444,12.384838966228243,4.3705870303964565
ArIso9010,5mm,20.0,1.0,1.225,1.411268156483933,11.928192564550889,4.675711488621864
ArIso9010,5mm,40.0,1.0,1.4250000000000003,1.7716084894473236,15.538507423821345,5.698335076927962
NeIso,3p964mm,0.0,0.9985,0.375,0.4851916981702625,5.721079883183115,2.163970034531987
NeIso,3p964mm,20.0,0.9992,0.32500000000000007,0.5159601359849685,5.699591484846266,2.1086880729717685
NeIso,3p964mm,40.0,0.9998,0.525,0.6672368425784214,7.182719974201041,2.575546274305742
NeIso,5mm,0.0,0.9998,0.525,0.6381215148286086,7.92092178215253,2.580353972138945
NeIso,5mm,20.0,0.9998,0.5750000000000001,0.6853637679155444,7.517238526995793,2.604119146458176
NeIso,5mm,40.0,1.0,0.5750000000000001,0.8628151984223147,9.773556724680576,3.0247583367822006
NeIso8515,3p964mm,0.0,0.9999,0.42500000000000004,0.5931428233917724,6.5458363446638925,2.303052397621403
NeIso8515,3p964mm,20.0,1.0,0.475,0.6396829994299222,7.438563343019347,2.4714325771329118
NeIso8515,3p964mm,40.0,1.0,0.625,0.8204955204961241,8.034204954559428,2.844882578017433
NeIso8515,5mm,0.0,1.0,0.5750000000000001,0.7814969875261736,8.04960706688871,2.7498404883829135
NeIso8515,5mm,20.0,1.0,0.5750000000000001,0.8447344275208859,10.206318781016215,2.8724621591197175
NeIso8515,5mm,40.0,1.0,0.875,1.0868521090219323,9.710960591104229,3.492686644514794
