layer,gas,gap,flux_10_150keV_MHz,flux_total_MHz,detected_MHz,detected_after_cut99_MHz
MM0,ArIso,3p964mm,39724,47120,79.10,41.49
MM0,ArIso,5mm,39724,47120,88.79,62.23
MM0,ArIso9010,3p964mm,39724,47120,76.40,37.69
MM0,ArIso9010,5mm,39724,47120,88.53,59.91
MM0,NeIso,3p964mm,39724,47120,37.15,19.60
MM0,NeIso,5mm,39724,47120,39.00,23.80
MM0,NeIso8515,3p964mm,39724,47120,37.12,20.20
MM0,NeIso8515,5mm,39724,47120,37.74,21.52
MM1,ArIso,3p964mm,32047,38928,30.41,17.79
MM1,ArIso,5mm,32047,38928,31.28,20.04
MM1,ArIso9010,3p964mm,32047,38928,29.23,15.65
MM1,ArIso9010,5mm,32047,38928,32.71,19.87
MM1,NeIso,3p964mm,32047,38928,21.83,12.35
MM1,NeIso,5mm,32047,38928,22.32,13.39
MM1,NeIso8515,3p964mm,32047,38928,21.84,11.82
MM1,NeIso8515,5mm,32047,38928,21.70,11.76
MM2,ArIso,3p964mm,26551,32824,24.65,14.46
MM2,ArIso,5mm,26551,32824,25.30,16.17
MM2,ArIso9010,3p964mm,26551,32824,23.70,12.71
MM2,ArIso9010,5mm,26551,32824,26.51,16.05
MM2,NeIso,3p964mm,26551,32824,17.87,10.10
MM2,NeIso,5mm,26551,32824,18.30,10.98
MM2,NeIso8515,3p964mm,26551,32824,17.89,9.68
MM2,NeIso8515,5mm,26551,32824,17.80,9.64
