gas,gap,E_keV,thrown,P_detect,P_gas,P_wall,n_detected,median_edep_keV,frac_above_cut99,frac_above_cut95
ArIso,3p964mm,10.0,1000000,0.04539,0.040937,0.004453,45390,9.999999999999998,0.552059925093633,0.936571932143644
ArIso,3p964mm,15.0,1000000,0.020374,0.016961,0.003413,20374,10.329982605683657,0.5094237754000196,0.9289290271915186
ArIso,3p964mm,20.0,1000000,0.010876,0.00805,0.002826,10876,9.150413618327251,0.4818867230599485,0.9204670834865759
ArIso,3p964mm,30.0,1000000,0.004387,0.002563,0.001824,4387,10.137305569738736,0.5090038750854798,0.915659904262594
ArIso,3p964mm,40.0,1000000,0.002514,0.00121,0.001304,2514,10.128387974977361,0.5099443118536198,0.9196499602227526
ArIso,3p964mm,50.0,1000000,0.001512,0.000581,0.000931,1512,8.808790445453035,0.4669312169312169,0.9173280423280423
ArIso,3p964mm,60.0,1000000,0.001156,0.00036,0.000796,1156,8.154071439188312,0.421280276816609,0.8745674740484429
ArIso,3p964mm,80.0,1000000,0.000774,0.000226,0.000548,774,6.780363692544263,0.3785529715762274,0.7906976744186046
ArIso,3p964mm,100.0,1000000,0.00059,0.000168,0.000422,590,6.44830181897376,0.3694915254237288,0.7457627118644068
ArIso,3p964mm,150.0,1000000,0.000486,0.000113,0.000373,486,6.760655179398158,0.37037037037037035,0.7345679012345679
ArIso,5mm,10.0,1000000,0.055227,0.050785,0.004442,55227,9.999999999999998,0.0,0.916055552537708
ArIso,5mm,15.0,1000000,0.024341,0.02079,0.003551,24341,12.069489999999996,0.44636621338482396,0.8958958136477548
ArIso,5mm,20.0,1000000,0.012581,0.009909,0.002672,12581,10.222481516931193,0.4296160877513711,0.8871313886018599
ArIso,5mm,30.0,1000000,0.004997,0.003187,0.00181,4997,10.721823648355643,0.4400640384230538,0.873323994396638
ArIso,5mm,40.0,1000000,0.002712,0.001479,0.001233,2712,10.729509663945016,0.4435840707964602,0.8753687315634219
ArIso,5mm,50.0,1000000,0.001701,0.000737,0.000964,1701,10.102039583479337,0.41798941798941797,0.8506760728982952
ArIso,5mm,60.0,1000000,0.001241,0.00048,0.000761,1241,9.701585595658624,0.37792103142626915,0.8525382755842063
ArIso,5mm,80.0,1000000,0.000753,0.000271,0.000482,753,7.98467,0.3333333333333333,0.7715803452855245
ArIso,5mm,100.0,1000000,0.000533,0.000175,0.000358,533,8.011865142410093,0.324577861163227,0.724202626641651
ArIso,5mm,150.0,1000000,0.000508,0.000128,0.00038,508,7.698069625786434,0.3484251968503937,0.702755905511811
ArIso9010,3p964mm,10.0,1000000,0.044308,0.039875,0.004433,44308,9.999999999999998,0.562110679786946,0.9359709307574253
ArIso9010,3p964mm,15.0,1000000,0.019613,0.016223,0.00339,19613,10.263546005693284,0.5274562789986234,0.9311681027889666
ArIso9010,3p964mm,20.0,1000000,0.010433,0.007712,0.002721,10433,9.37207984163443,0.5203680628774082,0.9256206268570881
ArIso9010,3p964mm,30.0,1000000,0.004302,0.002501,0.001801,4302,10.577287367724239,0.5511390051139005,0.9228265922826592
ArIso9010,3p964mm,40.0,1000000,0.002448,0.001132,0.001316,2448,10.103363424099946,0.5367647058823529,0.9133986928104575
ArIso9010,3p964mm,50.0,1000000,0.001611,0.000613,0.000998,1611,8.620995259609229,0.49596523898199874,0.8963376784605835
ArIso9010,3p964mm,60.0,1000000,0.001208,0.000428,0.00078,1208,7.984669999999999,0.4735099337748344,0.8824503311258278
ArIso9010,3p964mm,80.0,1000000,0.00072,0.000196,0.000524,720,7.168304875689913,0.4375,0.7986111111111112
ArIso9010,3p964mm,100.0,1000000,0.000493,0.000133,0.00036,493,6.9496529091024986,0.4239350912778905,0.7464503042596349
ArIso9010,3p964mm,150.0,1000000,0.000477,0.00012,0.000357,477,6.549178361580796,0.4109014675052411,0.7127882599580713
ArIso9010,5mm,10.0,1000000,0.052964,0.048502,0.004462,52964,9.999999999999998,0.0,0.9147156559172268
ArIso9010,5mm,15.0,1000000,0.023487,0.019987,0.0035,23487,12.06949,0.46953633925150084,0.901392259547835
ArIso9010,5mm,20.0,1000000,0.012164,0.009377,0.002787,12164,10.165989455904441,0.44656363038474184,0.8890167707990793
ArIso9010,5mm,30.0,1000000,0.004957,0.003134,0.001823,4957,11.328911158128681,0.47791002622553963,0.878353843050232
ArIso9010,5mm,40.0,1000000,0.002669,0.001366,0.001303,2669,11.827790373991775,0.48632446609216934,0.8726114649681529
ArIso9010,5mm,50.0,1000000,0.001765,0.000774,0.000991,1765,10.469432129930595,0.456657223796034,0.8855524079320113
ArIso9010,5mm,60.0,1000000,0.001227,0.000454,0.000773,1227,9.99435342337793,0.42950285248573755,0.8402607986960066
ArIso9010,5mm,80.0,1000000,0.000803,0.000275,0.000528,803,8.40592480738897,0.3574097135740971,0.7907845579078456
ArIso9010,5mm,100.0,1000000,0.000651,0.000216,0.000435,651,8.328553806557192,0.36098310291858676,0.7557603686635944
ArIso9010,5mm,150.0,1000000,0.000517,0.000141,0.000376,517,8.007931488705823,0.38684719535783363,0.7176015473887815
NeIso,3p964mm,10.0,1000000,0.0104,0.00515,0.00525,10400,6.0610489631694975,0.525,0.8542307692307692
NeIso,3p964mm,15.0,1000000,0.005531,0.001878,0.003653,5531,6.362709999999999,0.5877779786657024,0.8895317302476948
NeIso,3p964mm,20.0,1000000,0.003713,0.000845,0.002868,3713,8.21304021397869,0.6835443037974683,0.8968489092378131
NeIso,3p964mm,30.0,1000000,0.002076,0.000296,0.00178,2076,9.345031122509937,0.7023121387283237,0.9185934489402697
NeIso,3p964mm,40.0,1000000,0.00145,0.00014,0.00131,1450,7.082515492028002,0.5951724137931035,0.906896551724138
NeIso,3p964mm,50.0,1000000,0.00111,0.000111,0.000999,1110,6.113560991811186,0.527027027027027,0.8657657657657658
NeIso,3p964mm,60.0,1000000,0.000853,8.8e-05,0.000765,853,5.280093543106774,0.4654161781946073,0.8100820633059789
NeIso,3p964mm,80.0,1000000,0.000629,7.6e-05,0.000553,629,3.8584377829432883,0.36089030206677264,0.7154213036565977
NeIso,3p964mm,100.0,1000000,0.000452,5.2e-05,0.0004,452,4.159725961528861,0.415929203539823,0.6946902654867256
NeIso,3p964mm,150.0,1000000,0.000388,3.1e-05,0.000357,388,4.211911191273098,0.4252577319587629,0.6649484536082474
NeIso,5mm,10.0,1000000,0.011937,0.006561,0.005376,11937,6.349850000000001,0.3430510178436793,0.8437630895534891
NeIso,5mm,15.0,1000000,0.006088,0.00248,0.003608,6088,6.362710000000001,0.3708935611038108,0.8682654402102497
NeIso,5mm,20.0,1000000,0.003931,0.001061,0.00287,3931,8.316788712693482,0.5250572373441872,0.8997710506232511
NeIso,5mm,30.0,1000000,0.00224,0.000419,0.001821,2240,11.095638149249696,0.6196428571428572,0.9035714285714286
NeIso,5mm,40.0,1000000,0.00153,0.000221,0.001309,1530,8.81673868578403,0.5490196078431373,0.9143790849673202
NeIso,5mm,50.0,1000000,0.001107,0.00015,0.000957,1107,7.514211671011763,0.4715447154471545,0.8762420957542909
NeIso,5mm,60.0,1000000,0.000906,0.000113,0.000793,906,6.36271,0.40618101545253865,0.8289183222958058
NeIso,5mm,80.0,1000000,0.000612,8.5e-05,0.000527,612,5.525550542501721,0.37254901960784315,0.7712418300653595
NeIso,5mm,100.0,1000000,0.00047,7e-05,0.0004,470,5.1522213678164706,0.37659574468085105,0.7212765957446808
NeIso,5mm,150.0,1000000,0.000444,7.8e-05,0.000366,444,3.9426944467479585,0.30180180180180183,0.6531531531531531
NeIso8515,3p964mm,10.0,1000000,0.010227,0.004939,0.005288,10227,6.237717800232983,0.3985528502982302,0.8545027867409798
NeIso8515,3p964mm,15.0,1000000,0.005582,0.001802,0.00378,5582,6.36271,0.4684700824077392,0.8776424220709423
NeIso8515,3p964mm,20.0,1000000,0.003712,0.0009,0.002812,3712,8.958414869204786,0.6252693965517241,0.9054418103448276
NeIso8515,3p964mm,30.0,1000000,0.002128,0.000324,0.001804,2128,10.709121214637365,0.674812030075188,0.931390977443609
NeIso8515,3p964mm,40.0,1000000,0.001467,0.000179,0.001288,1467,9.395767776023236,0.6141785957736878,0.9338786639400136
NeIso8515,3p964mm,50.0,1000000,0.001058,0.000103,0.000955,1058,7.149708614877438,0.5425330812854442,0.9054820415879017
NeIso8515,3p964mm,60.0,1000000,0.000825,0.000106,0.000719,825,6.346605803216146,0.4775757575757576,0.8654545454545455
NeIso8515,3p964mm,80.0,1000000,0.000628,7.6e-05,0.000552,628,5.369453380782561,0.4299363057324841,0.7754777070063694
NeIso8515,3p964mm,100.0,1000000,0.000486,7e-05,0.000416,486,4.4197857892469345,0.3868312757201646,0.6995884773662552
NeIso8515,3p964mm,150.0,1000000,0.000394,5.8e-05,0.000336,394,4.366241094133187,0.41878172588832485,0.7385786802030457
NeIso8515,5mm,10.0,1000000,0.011411,0.006121,0.00529,11411,6.349850000000002,0.3385329944790115,0.8349837875733941
NeIso8515,5mm,15.0,1000000,0.005859,0.002166,0.003693,5859,6.362710000000002,0.36644478579962453,0.8699436763952892
NeIso8515,5mm,20.0,1000000,0.003938,0.001079,0.002859,3938,8.875652083260606,0.5388522092432707,0.8979177247333672
NeIso8515,5mm,30.0,1000000,0.00224,0.0004,0.00184,2240,13.022784625880831,0.6758928571428572,0.9178571428571428
NeIso8515,5mm,40.0,1000000,0.0015,0.000234,0.001266,1500,11.433012558996175,0.6246666666666667,0.914
NeIso8515,5mm,50.0,1000000,0.001156,0.000146,0.00101,1156,9.511404874107853,0.5579584775086506,0.9057093425605537
NeIso8515,5mm,60.0,1000000,0.000821,0.000135,0.000686,821,8.339013117522097,0.5079171741778319,0.8855054811205847
NeIso8515,5mm,80.0,1000000,0.000597,0.000109,0.000488,597,6.480712409055194,0.4204355108877722,0.8090452261306532
NeIso8515,5mm,100.0,1000000,0.000465,8.5e-05,0.00038,465,5.654690089882938,0.3763440860215054,0.7698924731182796
NeIso8515,5mm,150.0,1000000,0.000453,8.1e-05,0.000372,453,5.249464227612113,0.38631346578366443,0.695364238410596
